prompt,A,B,C,D,E,answer
What is the main sequence in astronomy?,The main sequence is a type of galaxy that contains a large number of stars.,The main sequence is a type of black hole that is formed from the collapse of a massive star.,The main sequence is a continuous and distinctive band of stars that appears on plots of stellar color versus brightness. Stars on this band are known as main-sequence stars or dwarf stars.,The main sequence is a group of planets that orbit around a star in a solar system.,The main sequence is a type of nebula that is formed from the explosion of a supernova.,C
"What is the ""ultraviolet catastrophe""?",It is a phenomenon that occurs only in multi-mode vibration.,It is the misbehavior of a formula for higher frequencies.,It is the standing wave of a string in harmonic resonance.,It is a flaw in classical physics that results in the misallocation of energy.,It is a disproven theory about the distribution of electromagnetic radiation.,B
What is the Carnot engine?,The Carnot engine is a theoretical engine that operates in the limiting mode of extreme speed known as dynamic. It represents the theoretical maximum efficiency of a heat engine operating between any two given thermal or heat reservoirs at different temperatures.,The Carnot engine is an ideal heat engine that operates in the limiting mode of extreme slowness known as quasi-static. It represents the theoretical maximum efficiency of a heat engine operating between any two given thermal or heat reservoirs at different temperatures.,The Carnot engine is a real heat engine that operates in the limiting mode of extreme speed known as dynamic. It represents the theoretical minimum efficiency of a heat engine operating between any two given thermal or heat reservoirs at different temperatures.,The Carnot engine is a theoretical engine that operates in the limiting mode of extreme slowness known as quasi-static. It represents the theoretical minimum efficiency of a heat engine operating between any two given thermal or heat reservoirs at different temperatures.,The Carnot engine is a real engine that operates in the limiting mode of extreme slowness known as quasi-static. It represents the theoretical maximum efficiency of a heat engine operating between any two given thermal or heat reservoirs at different temperatures.,B
What is accelerator-based light-ion fusion?,"Accelerator-based light-ion fusion is a technique that uses particle accelerators to achieve particle kinetic energies sufficient to induce light-ion fusion reactions. This method is relatively easy to implement and can be done in an efficient manner, requiring only a vacuum tube, a pair of electrodes, and a high-voltage transformer. Fusion can be observed with as little as 10 kV between the electrodes.","Accelerator-based light-ion fusion is a technique that uses particle accelerators to achieve particle kinetic energies sufficient to induce heavy-ion fusion reactions. This method is relatively difficult to implement and requires a complex system of vacuum tubes, electrodes, and transformers. Fusion can be observed with as little as 10 kV between the electrodes.","Accelerator-based light-ion fusion is a technique that uses particle accelerators to achieve particle kinetic energies sufficient to induce light-ion fusion reactions. This method is relatively difficult to implement and requires a complex system of vacuum tubes, electrodes, and transformers. Fusion can be observed with as little as 100 kV between the electrodes.","Accelerator-based light-ion fusion is a technique that uses particle accelerators to achieve particle kinetic energies sufficient to induce heavy-ion fusion reactions. This method is relatively easy to implement and can be done in an efficient manner, requiring only a vacuum tube, a pair of electrodes, and a high-voltage transformer. Fusion can be observed with as little as 100 kV between the electrodes.","Accelerator-based light-ion fusion is a technique that uses particle accelerators to achieve particle kinetic energies sufficient to induce light-ion fission reactions. This method is relatively easy to implement and can be done in an efficient manner, requiring only a vacuum tube, a pair of electrodes, and a high-voltage transformer. Fission can be observed with as little as 10 kV between the electrodes.",A
"What is a ""coffee ring"" in physics?",A type of coffee that is made by boiling coffee grounds in water.,"A pattern left by a particle-laden liquid after it is spilled, named for the characteristic ring-like deposit along the perimeter of a spill of coffee or red wine.",A type of coffee that is made by mixing instant coffee with hot water.,A type of coffee that is made by pouring hot water over coffee grounds in a filter.,"A pattern left by a particle-laden liquid after it evaporates, named for the characteristic ring-like deposit along the perimeter of a spill of coffee or red wine.",E
What is water hammer?,Water hammer is a type of water turbine used in hydroelectric generating stations to generate electricity.,Water hammer is a type of air trap or standpipe used to dampen the sound of moving water in plumbing systems.,Water hammer is a type of plumbing tool used to break pipelines and absorb the potentially damaging forces caused by moving water.,Water hammer is a type of water pump used to increase the pressure of water in pipelines.,"Water hammer is a loud banging noise resembling a hammering sound that occurs when moving water is suddenly stopped, causing a rise in pressure and resulting shock wave.",E
What is the application of Memristor?,"Memristor has applications in the production of electric cars, airplanes, and ships.","Memristor has applications in the production of food, clothing, and shelter.","Memristor has applications in the production of solar panels, wind turbines, and hydroelectric power plants.","Memristor has applications in programmable logic signal processing, Super-resolution imaging, physical neural networks, control systems, reconfigurable computing, in-memory computing, brain–computer interfaces and RFID.","Memristor has applications in optical fiber communication, satellite communication, and wireless communication.",D
What can be inferred about the electronic entropy of insulators and metals based on their densities of states at the Fermi level?,"Insulators and metals have zero density of states at the Fermi level, and therefore, their density of states-based electronic entropy is essentially zero.","Insulators have zero density of states at the Fermi level, and therefore, their density of states-based electronic entropy is essentially zero. Metals have non-zero density of states at the Fermi level, and thus, their electronic entropy should be proportional to the temperature and density of states at the Fermi level.","Insulators have non-zero density of states at the Fermi level, and therefore, their density of states-based electronic entropy is proportional to the temperature and density of states at the Fermi level. Metals have zero density of states at the Fermi level, and thus, their electronic entropy is essentially zero.","Insulators and metals have varying densities of states at the Fermi level, and thus, their electronic entropy may or may not be proportional to the temperature and density of states at the Fermi level.","Insulators and metals have non-zero density of states at the Fermi level, and thus, their electronic entropy should be proportional to the temperature and density of states at the Fermi level.",B
What is the difference between illuminance and luminance?,"Illuminance is the amount of light absorbed by a surface per unit area, while luminance is the amount of light reflected by a surface per unit area.","Illuminance is the amount of light falling on a surface per unit area, while luminance is the amount of light emitted by a source per unit area.","Illuminance is the amount of light concentrated into a smaller area, while luminance is the amount of light filling a larger solid angle.","Illuminance is the amount of light emitted by a source per unit area, while luminance is the amount of light falling on a surface per unit area.","Illuminance is the amount of light reflected by a surface per unit area, while luminance is the amount of light absorbed by a surface per unit area.",B
What is classical mechanics?,"Classical mechanics is the branch of physics that describes the motion of macroscopic objects using concepts such as mass, acceleration, and force. It is based on a three-dimensional Euclidean space with fixed axes, and utilises many equations and mathematical concepts to relate physical quantities to one another.","Classical mechanics is the branch of physics that describes the motion of microscopic objects using concepts such as energy, momentum, and wave-particle duality. It is based on a four-dimensional space-time continuum and utilises many equations and mathematical concepts to relate physical quantities to one another.",Classical mechanics is the branch of physics that studies the behaviour of subatomic particles such as electrons and protons. It is based on the principles of quantum mechanics and utilises many equations and mathematical concepts to describe the properties of these particles.,Classical mechanics is the branch of physics that studies the behaviour of light and electromagnetic radiation. It is based on the principles of wave-particle duality and utilises many equations and mathematical concepts to describe the properties of light.,Classical mechanics is the branch of physics that studies the behaviour of fluids and gases. It is based on the principles of thermodynamics and utilises many equations and mathematical concepts to describe the properties of these substances.,A
What is the Peierls bracket in canonical quantization?,The Peierls bracket is a mathematical symbol used to represent the Poisson algebra in the canonical quantization method.,The Peierls bracket is a mathematical tool used to generate the Hamiltonian in the canonical quantization method.,The Peierls bracket is a Poisson bracket derived from the action in the canonical quantization method that converts the quotient algebra into a Poisson algebra.,The Peierls bracket is a mathematical symbol used to represent the quotient algebra in the canonical quantization method.,The Peierls bracket is a mathematical tool used to generate the Euler-Lagrange equations in the canonical quantization method.,C
What is the proposed name for the field that is responsible for cosmic inflation and the metric expansion of space?,Inflaton,Quanta,Scalar,Metric,Conformal cyclic cosmology,A
What is linear frame dragging?,Linear frame dragging is the effect of the general principle of relativity applied to the mass of a body when other masses are placed nearby. It is a tiny effect that is difficult to confirm experimentally and often omitted from articles on frame-dragging.,"Linear frame dragging is the effect of the general principle of relativity applied to rotational momentum, which is a large effect that is easily confirmed experimentally and often discussed in articles on frame-dragging.","Linear frame dragging is the effect of the general principle of relativity applied to rotational momentum, which is similarly inevitable to the linear effect. It is a tiny effect that is difficult to confirm experimentally and often omitted from articles on frame-dragging.","Linear frame dragging is the effect of the general principle of relativity applied to linear momentum, which is similarly inevitable to the rotational effect. It is a tiny effect that is difficult to confirm experimentally and often omitted from articles on frame-dragging.","Linear frame dragging is the effect of the general principle of relativity applied to linear momentum, which is a large effect that is easily confirmed experimentally and often discussed in articles on frame-dragging.",D
What is the Ozma Problem?,The Ozma Problem is a chapter in a book that discusses the versatility of carbon and chirality in biochemistry.,"The Ozma Problem is a discussion about time invariance and reversal in particle physics, theoretical physics, and cosmology.","The Ozma Problem is a conundrum that examines whether there is any fundamental asymmetry to the universe. It concerns various aspects of atomic and subatomic physics and how they relate to mirror asymmetry and the related concepts of chirality, antimatter, magnetic and electrical polarity, parity, charge and spin.",The Ozma Problem is a measure of how symmetry and asymmetry have evolved from the beginning of life on Earth.,The Ozma Problem is a comparison between the level of a desired signal and the level of background noise used in science and engineering.,C
What is the significance of the high degree of fatty-acyl disorder in the thylakoid membranes of plants?,The high degree of fatty-acyl disorder in the thylakoid membranes of plants is responsible for the low fluidity of membrane lipid fatty-acyl chains in the gel phase.,The high degree of fatty-acyl disorder in the thylakoid membranes of plants is responsible for the exposure of chloroplast thylakoid membranes to cold environmental temperatures.,The high degree of fatty-acyl disorder in the thylakoid membranes of plants allows for innate fluidity even at relatively low temperatures.,The high degree of fatty-acyl disorder in the thylakoid membranes of plants allows for a gel-to-liquid crystalline phase transition temperature to be determined by many techniques.,"The high degree of fatty-acyl disorder in the thylakoid membranes of plants restricts the movement of membrane proteins, thus hindering their physiological role.",C
What is the relationship between Coordinated Universal Time (UTC) and Universal Time (UT1)?,UTC and Universal Time (UT1) are identical time scales that are used interchangeably in science and engineering.,"UTC is a time scale that is completely independent of Universal Time (UT1). UTC is kept within 0.9 second of UT1 by the introduction of one-second steps to UTC, the ""leap second"".","UTC is an atomic time scale designed to approximate Universal Time (UT1), but it differs from UT1 by a non-integral number of seconds. UTC is kept within 0.9 second of UT1 by the introduction of one-second steps to UTC, the ""leap second"".","UTC is an atomic time scale designed to approximate Universal Time (UT1), but it differs from UT1 by an integral number of seconds. UTC is kept within 0.9 second of UT1 by the introduction of one-second steps to UTC, the ""leap second"".",UTC is a time scale that is based on the irregularities in Earth's rotation and is completely independent of Universal Time (UT1).,D
What is a planetary system?,A system of planets that are all located in the same solar system.,A system of planets that are all the same size and shape.,Any set of gravitationally bound non-stellar objects in or out of orbit around a star or star system.,A system of planets that are all located in the same galaxy.,A system of planets that are all made of gas.,C
What is the relationship between chemical potential and quarks/antiquarks?,"Chemical potential, represented by μ, is a measure of the imbalance between quarks and antiquarks in a system. Higher μ indicates a stronger bias favoring quarks over antiquarks.","Chemical potential, represented by μ, is a measure of the balance between quarks and antiquarks in a system. Higher μ indicates an equal number of quarks and antiquarks.","Chemical potential, represented by μ, is a measure of the imbalance between quarks and antiquarks in a system. Higher μ indicates a stronger bias favoring antiquarks over quarks.","Chemical potential, represented by μ, is a measure of the density of antiquarks in a system. Higher μ indicates a higher density of antiquarks.","Chemical potential, represented by μ, is a measure of the density of quarks in a system. Higher μ indicates a higher density of quarks.",A
What is the reason for the formation of stars exclusively within molecular clouds?,The formation of stars occurs exclusively outside of molecular clouds.,"The low temperatures and high densities of molecular clouds cause the gravitational force to exceed the internal pressures that are acting ""outward"" to prevent a collapse.","The low temperatures and low densities of molecular clouds cause the gravitational force to be less than the internal pressures that are acting ""outward"" to prevent a collapse.","The high temperatures and low densities of molecular clouds cause the gravitational force to exceed the internal pressures that are acting ""outward"" to prevent a collapse.","The high temperatures and high densities of molecular clouds cause the gravitational force to be less than the internal pressures that are acting ""outward"" to prevent a collapse.",B
What is the Maxwell's Demon thought experiment?,"A thought experiment in which a demon guards a microscopic trapdoor in a wall separating two parts of a container filled with different gases at equal temperatures. The demon selectively allows molecules to pass from one side to the other, causing an increase in temperature in one part and a decrease in temperature in the other, contrary to the second law of thermodynamics.","A thought experiment in which a demon guards a macroscopic trapdoor in a wall separating two parts of a container filled with different gases at different temperatures. The demon selectively allows molecules to pass from one side to the other, causing a decrease in temperature in one part and an increase in temperature in the other, in accordance with the second law of thermodynamics.","A thought experiment in which a demon guards a microscopic trapdoor in a wall separating two parts of a container filled with the same gas at equal temperatures. The demon selectively allows faster-than-average molecules to pass from one side to the other, causing a decrease in temperature in one part and an increase in temperature in the other, contrary to the second law of thermodynamics.","A thought experiment in which a demon guards a macroscopic trapdoor in a wall separating two parts of a container filled with the same gas at equal temperatures. The demon selectively allows faster-than-average molecules to pass from one side to the other, causing an increase in temperature in one part and a decrease in temperature in the other, contrary to the second law of thermodynamics.","A thought experiment in which a demon guards a microscopic trapdoor in a wall separating two parts of a container filled with the same gas at different temperatures. The demon selectively allows slower-than-average molecules to pass from one side to the other, causing a decrease in temperature in one part and an increase in temperature in the other, in accordance with the second law of thermodynamics.",C
What are the four qualitative levels of crystallinity described by geologists?,"Holocrystalline, hypocrystalline, hypercrystalline, and holohyaline","Holocrystalline, hypocrystalline, hypohyaline, and holohyaline","Holocrystalline, hypohyaline, hypercrystalline, and holohyaline","Holocrystalline, hypocrystalline, hypercrystalline, and hyperhyaline","Holocrystalline, hypocrystalline, hypohyaline, and hyperhyaline",B
What is the most popular explanation for the shower-curtain effect?,The pressure differential between the inside and outside of the shower,The decrease in velocity resulting in an increase in pressure,The movement of air across the outside surface of the shower curtain,The use of cold water,Bernoulli's principle,E
What is a crossover experiment?,An experiment that involves crossing over two different types of materials to create a new material.,"A type of experiment used to distinguish between different mechanisms proposed for a chemical reaction, such as intermolecular vs. intramolecular mechanisms.",An experiment that involves crossing over two different types of organisms to create a hybrid.,An experiment that involves crossing over two different types of cells to create a new cell.,An experiment that involves crossing over two different chemicals to create a new substance.,B
What is the interpretation of supersymmetry in stochastic supersymmetric theory?,Supersymmetry is a type of hydromagnetic dynamo that arises when the magnetic field becomes strong enough to affect the fluid motions.,Supersymmetry is a measure of the amplitude of the dynamo in the induction equation of the kinematic approximation.,Supersymmetry is a measure of the strength of the magnetic field in the induction equation of the kinematic dynamo.,Supersymmetry is a property of deterministic chaos that arises from the continuity of the flow in the model's phase space.,"Supersymmetry is an intrinsic property of all stochastic differential equations, and it preserves continuity in the model's phase space via continuous time flows.",E
What is the relevant type of coherence for the Young's double-slit interferometer?,Visibility,Coherence time,Spatial coherence,Coherence length,Diameter of the coherence area (Ac),E
What is the revised view of the atmosphere's nature based on the time-varying multistability that is associated with the modulation of large-scale processes and aggregated feedback of small-scale processes?,The atmosphere is a system that is only influenced by large-scale processes and does not exhibit any small-scale feedback.,"The atmosphere possesses both chaos and order, including emerging organized systems and time-varying forcing from recurrent seasons.",The atmosphere is a system that is only influenced by small-scale processes and does not exhibit any large-scale modulation.,The atmosphere is a completely chaotic system with no order or organization.,The atmosphere is a completely ordered system with no chaos or randomness.,B
What is a regular polytope?,A regular polytope is a geometric shape whose symmetry group is transitive on its diagonals.,A regular polytope is a geometric shape whose symmetry group is transitive on its vertices.,A regular polytope is a geometric shape whose symmetry group is transitive on its flags.,A regular polytope is a geometric shape whose symmetry group is transitive on its edges.,A regular polytope is a geometric shape whose symmetry group is transitive on its faces.,C
What is the isophotal diameter used for in measuring a galaxy's size?,The isophotal diameter is a way of measuring a galaxy's distance from Earth.,The isophotal diameter is a measure of a galaxy's age.,The isophotal diameter is a measure of a galaxy's mass.,The isophotal diameter is a measure of a galaxy's temperature.,The isophotal diameter is a conventional way of measuring a galaxy's size based on its apparent surface brightness.,E
What is an order parameter?,An order parameter is a measure of the temperature of a physical system.,An order parameter is a measure of the gravitational force in a physical system.,An order parameter is a measure of the magnetic field strength in a physical system.,An order parameter is a measure of the degree of symmetry breaking in a physical system.,An order parameter is a measure of the rotational symmetry in a physical system.,D
What is the main factor that determines the occurrence of each type of supernova?,The star's distance from Earth,The star's age,The star's temperature,The star's luminosity,The progenitor star's metallicity,E
What is the role of axioms in a formal theory?,"Basis statements called axioms form the foundation of a formal theory and, together with the deducing rules, help in deriving a set of statements called theorems using proof theory.",Axioms are supplementary statements added to a formal theory that break down otherwise complex statements into more simple ones.,"Axioms are redundant statements that can be derived from other statements in a formal theory, providing additional perspective to theorems derived from the theory.",The axioms in a theory are used for experimental validation of the theorems derived from the statements in the theory.,"The axioms in a formal theory are added to prove that the statements derived from the theory are true, irrespective of their validity in the real world.",A
What is the 'reactive Leidenfrost effect' observed in non-volatile materials?,"The 'reactive Leidenfrost effect' is a phenomenon where solid particles float above hot surfaces and move erratically, observed in non-volatile materials.","The 'reactive Leidenfrost effect' is a phenomenon where solid particles float above hot surfaces and move erratically, observed in volatile materials.","The 'reactive Leidenfrost effect' is a phenomenon where solid particles sink into hot surfaces and move slowly, observed in non-volatile materials.","The 'reactive Leidenfrost effect' is a phenomenon where solid particles float above cold surfaces and move erratically, observed in non-volatile materials.","The 'reactive Leidenfrost effect' is a phenomenon where solid particles sink into cold surfaces and move slowly, observed in non-volatile materials.",A
What is the SI base unit of time and how is it defined?,"The SI base unit of time is the week, which is defined by measuring the electronic transition frequency of caesium atoms.","The SI base unit of time is the second, which is defined by measuring the electronic transition frequency of caesium atoms.","The SI base unit of time is the hour, which is defined by measuring the electronic transition frequency of caesium atoms.","The SI base unit of time is the day, which is defined by measuring the electronic transition frequency of caesium atoms.","The SI base unit of time is the minute, which is defined by measuring the electronic transition frequency of caesium atoms.",B
What is the piezoelectric strain coefficient for AT-cut quartz crystals?,d = 1.9·10‑12 m/V,d = 3.1·10‑12 m/V,d = 4.2·10‑12 m/V,d = 2.5·10‑12 m/V,d = 5.8·10‑12 m/V,B
"What is the reason behind the designation of Class L dwarfs, and what is their color and composition?","Class L dwarfs are hotter than M stars and are designated L because L is the remaining letter alphabetically closest to M. They are bright blue in color and are brightest in ultraviolet. Their atmosphere is hot enough to allow metal hydrides and alkali metals to be prominent in their spectra. Some of these objects have masses large enough to support hydrogen fusion and are therefore stars, but most are of substellar mass and are therefore brown dwarfs.","Class L dwarfs are cooler than M stars and are designated L because L is the remaining letter alphabetically closest to M. They are dark red in color and are brightest in infrared. Their atmosphere is cool enough to allow metal hydrides and alkali metals to be prominent in their spectra. Some of these objects have masses large enough to support hydrogen fusion and are therefore stars, but most are of substellar mass and are therefore brown dwarfs.","Class L dwarfs are hotter than M stars and are designated L because L is the next letter alphabetically after M. They are dark red in color and are brightest in infrared. Their atmosphere is cool enough to allow metal hydrides and alkali metals to be prominent in their spectra. Some of these objects have masses large enough to support hydrogen fusion and are therefore stars, but most are of substellar mass and are therefore brown dwarfs.","Class L dwarfs are cooler than M stars and are designated L because L is the next letter alphabetically after M. They are bright yellow in color and are brightest in visible light. Their atmosphere is hot enough to allow metal hydrides and alkali metals to be prominent in their spectra. Some of these objects have masses large enough to support hydrogen fusion and are therefore stars, but most are of substellar mass and are therefore brown dwarfs.","Class L dwarfs are cooler than M stars and are designated L because L is the remaining letter alphabetically closest to M. They are bright green in color and are brightest in visible light. Their atmosphere is cool enough to allow metal hydrides and alkali metals to be prominent in their spectra. Some of these objects have masses small enough to support hydrogen fusion and are therefore stars, but most are of substellar mass and are therefore brown dwarfs.",B
What is the Landau-Lifshitz-Gilbert equation used for in physics?,"The Landau-Lifshitz-Gilbert equation is a differential equation used to describe the precessional motion of magnetization M in a liquid, and is commonly used in micromagnetics to model the effects of a magnetic field on ferromagnetic materials.","The Landau-Lifshitz-Gilbert equation is a differential equation used to describe the precessional motion of magnetization M in a solid, and is commonly used in astrophysics to model the effects of a magnetic field on celestial bodies.","The Landau-Lifshitz-Gilbert equation is a differential equation used to describe the precessional motion of magnetization M in a solid, and is commonly used in micromagnetics to model the effects of a magnetic field on ferromagnetic materials.","The Landau-Lifshitz-Gilbert equation is a differential equation used to describe the precessional motion of magnetization M in a solid, and is commonly used in macro-magnetics to model the effects of a magnetic field on ferromagnetic materials.","The Landau-Lifshitz-Gilbert equation is a differential equation used to describe the precessional motion of magnetization M in a liquid, and is commonly used in macro-magnetics to model the effects of a magnetic field on ferromagnetic materials.",C
Who was the first person to describe the pulmonary circulation system?,Galen,Avicenna,Hippocrates,Aristotle,Ibn al-Nafis,E
What is the main focus of the Environmental Science Center at Qatar University?,"Environmental studies, with a main focus on marine science, atmospheric and political sciences.","Environmental studies, with a main focus on marine science, atmospheric and physical sciences.","Environmental studies, with a main focus on marine science, atmospheric and social sciences.","Environmental studies, with a main focus on marine science, atmospheric and biological sciences.","Environmental studies, with a main focus on space science, atmospheric and biological sciences.",D
What is Modified Newtonian Dynamics (MOND)?,MOND is a theory that explains the behavior of light in the presence of strong gravitational fields. It is an alternative to the hypothesis of dark matter in terms of explaining why galaxies do not appear to obey the currently understood laws of physics.,MOND is a hypothesis that proposes a modification of Einstein's theory of general relativity to account for observed properties of galaxies. It is an alternative to the hypothesis of dark matter in terms of explaining why galaxies do not appear to obey the currently understood laws of physics.,MOND is a hypothesis that proposes a modification of Newton's law of universal gravitation to account for observed properties of galaxies. It is an alternative to the hypothesis of dark matter in terms of explaining why galaxies do not appear to obey the currently understood laws of physics.,MOND is a hypothesis that proposes a modification of Coulomb's law to account for observed properties of galaxies. It is an alternative to the hypothesis of dark matter in terms of explaining why galaxies do not appear to obey the currently understood laws of physics.,MOND is a theory that explains the behavior of subatomic particles in the presence of strong magnetic fields. It is an alternative to the hypothesis of dark energy in terms of explaining why subatomic particles do not appear to obey the currently understood laws of physics.,C
What is the difference between probability mass function (PMF) and probability density function (PDF)?,"PMF is used only for continuous random variables, while PDF is used for both continuous and discrete random variables.","PMF is used for both continuous and discrete random variables, while PDF is used only for continuous random variables.","PMF is used for continuous random variables, while PDF is used for discrete random variables.","PMF is used for discrete random variables, while PDF is used for continuous random variables.",PMF and PDF are interchangeable terms used for the same concept in probability theory.,D
What is a Hilbert space in quantum mechanics?,A complex vector space where the state of a classical mechanical system is described by a vector |Ψ⟩.,A physical space where the state of a classical mechanical system is described by a vector |Ψ⟩.,A physical space where the state of a quantum mechanical system is described by a vector |Ψ⟩.,A mathematical space where the state of a classical mechanical system is described by a vector |Ψ⟩.,A complex vector space where the state of a quantum mechanical system is described by a vector |Ψ⟩.,E
What happens to excess base metal as a solution cools from the upper transformation temperature towards an insoluble state?,"The excess base metal will often solidify, becoming the proeutectoid until the remaining concentration of solutes reaches the eutectoid level, which will then crystallize as a separate microstructure.","The excess base metal will often crystallize-out, becoming the proeutectoid until the remaining concentration of solutes reaches the eutectoid level, which will then crystallize as a separate microstructure.","The excess base metal will often dissolve, becoming the proeutectoid until the remaining concentration of solutes reaches the eutectoid level, which will then crystallize as a separate microstructure.","The excess base metal will often liquefy, becoming the proeutectoid until the remaining concentration of solutes reaches the eutectoid level, which will then crystallize as a separate microstructure.","The excess base metal will often evaporate, becoming the proeutectoid until the remaining concentration of solutes reaches the eutectoid level, which will then crystallize as a separate microstructure.",B
What is the spin quantum number?,The spin quantum number is a measure of the distance between an elementary particle and the nucleus of an atom.,The spin quantum number is a measure of the size of an elementary particle.,The spin quantum number is a measure of the charge of an elementary particle.,The spin quantum number is a measure of the speed of an elementary particle's rotation around some axis.,"The spin quantum number is a dimensionless quantity obtained by dividing the spin angular momentum by the reduced Planck constant ħ, which has the same dimensions as angular momentum.",E
What is the decay energy for the free neutron decay process?,0.013343 MeV,0.013 MeV,"1,000 MeV",0.782 MeV,0.782343 MeV,E
How many crystallographic point groups are there in three-dimensional space?,7,32,14,5,27,B
What is the relation between the three moment theorem and the bending moments at three successive supports of a continuous beam?,The three moment theorem expresses the relation between the deflection of two points on a beam relative to the point of intersection between tangent at those two points and the vertical through the first point.,"The three moment theorem is used to calculate the maximum allowable bending moment of a beam, which is determined by the weight distribution of each segment of the beam.","The three moment theorem describes the relationship between bending moments at three successive supports of a continuous beam, subject to a loading on two adjacent spans with or without settlement of the supports.","The three moment theorem is used to calculate the weight distribution of each segment of a beam, which is required to apply Mohr's theorem.","The three moment theorem is used to derive the change in slope of a deflection curve between two points of a beam, which is equal to the area of the M/EI diagram between those two points.",C
What is the function of the fibrous cardiac skeleton?,The fibrous cardiac skeleton is a system of blood vessels that supplies oxygen and nutrients to the heart muscle.,"The fibrous cardiac skeleton is responsible for the pumping action of the heart, regulating the flow of blood through the atria and ventricles.","The fibrous cardiac skeleton provides structure to the heart, forming the atrioventricular septum that separates the atria from the ventricles, and the fibrous rings that serve as bases for the four heart valves.",The fibrous cardiac skeleton is a network of nerves that controls the heartbeat and rhythm of the heart.,"The fibrous cardiac skeleton is a protective layer that surrounds the heart, shielding it from external damage.",C
What is reciprocal length or inverse length?,"Reciprocal length or inverse length is a quantity or measurement used in physics and chemistry. It is the reciprocal of time, and common units used for this measurement include the reciprocal second or inverse second (symbol: s−1), the reciprocal minute or inverse minute (symbol: min−1).","Reciprocal length or inverse length is a quantity or measurement used in geography and geology. It is the reciprocal of area, and common units used for this measurement include the reciprocal square metre or inverse square metre (symbol: m−2), the reciprocal square kilometre or inverse square kilometre (symbol: km−2).","Reciprocal length or inverse length is a quantity or measurement used in biology and medicine. It is the reciprocal of mass, and common units used for this measurement include the reciprocal gram or inverse gram (symbol: g−1), the reciprocal kilogram or inverse kilogram (symbol: kg−1).","Reciprocal length or inverse length is a quantity or measurement used in economics and finance. It is the reciprocal of interest rate, and common units used for this measurement include the reciprocal percent or inverse percent (symbol: %−1), the reciprocal basis point or inverse basis point (symbol: bp−1).","Reciprocal length or inverse length is a quantity or measurement used in several branches of science and mathematics. It is the reciprocal of length, and common units used for this measurement include the reciprocal metre or inverse metre (symbol: m−1), the reciprocal centimetre or inverse centimetre (symbol: cm−1).",E
What is the role of methane in Fischer-Tropsch processes?,Methane is partially converted to carbon monoxide for utilization in Fischer-Tropsch processes.,Methane is used as a catalyst in Fischer-Tropsch processes.,Methane is not used in Fischer-Tropsch processes.,Methane is fully converted to carbon monoxide for utilization in Fischer-Tropsch processes.,Methane is a byproduct of Fischer-Tropsch processes.,A
What is the formalism that angular momentum is associated with in rotational invariance?,Angular momentum is the 1-form Noether charge associated with rotational invariance.,Angular momentum is the 3-form Noether charge associated with rotational invariance.,Angular momentum is the 5-form Noether charge associated with rotational invariance.,Angular momentum is the 2-form Noether charge associated with rotational invariance.,Angular momentum is the 4-form Noether charge associated with rotational invariance.,D
